SYM,ZS,SMART/AMEX
SYM,XEL,SMART/AMEX
SYM,WDAY,SMART/AMEX
SYM,WBD,SMART/AMEX
SYM,VRTX,SMART/AMEX
SYM,VRSK,SMART/AMEX
SYM,TTD,SMART/AMEX
SYM,TXN,SMART/AMEX
SYM,TSLA,SMART/AMEX
SYM,TMUS,SMART/AMEX
SYM,TTWO,SMART/AMEX
SYM,SNPS,SMART/AMEX
SYM,SMCI,SMART/AMEX
SYM,SBUX,SMART/AMEX
SYM,ROST,SMART/AMEX
SYM,ROP,SMART/AMEX
SYM,REGN,SMART/AMEX
SYM,QCOM,SMART/AMEX
SYM,PEP,SMART/AMEX
SYM,PDD,SMART/AMEX
SYM,PYPL,SMART/AMEX
SYM,PAYX,SMART/AMEX
SYM,PANW,SMART/AMEX
SYM,PCAR,SMART/AMEX
SYM,ON,SMART/AMEX
SYM,ODFL,SMART/AMEX
SYM,ORLY,SMART/AMEX
SYM,NXPI,SMART/AMEX
SYM,NVDA,SMART/AMEX
SYM,NFLX,SMART/AMEX
SYM,MNST,SMART/AMEX
SYM,MDB,SMART/AMEX
SYM,MDLZ,SMART/AMEX
SYM,MRNA,SMART/AMEX
SYM,MSFT,SMART/AMEX
SYM,MU,SMART/AMEX
SYM,MCHP,SMART/AMEX
SYM,META,SMART/AMEX
SYM,MELI,SMART/AMEX
SYM,MRVL,SMART/AMEX
SYM,MAR,SMART/AMEX
SYM,LULU,SMART/AMEX
SYM,LIN,SMART/AMEX
SYM,LRCX,SMART/AMEX
SYM,KHC,SMART/AMEX
SYM,KLAC,SMART/AMEX
SYM,KDP,SMART/AMEX
SYM,ISRG,SMART/AMEX
SYM,INTU,SMART/AMEX
SYM,INTC,SMART/AMEX
SYM,ILMN,SMART/AMEX
SYM,IDXX,SMART/AMEX
SYM,HON,SMART/AMEX
SYM,GFS,SMART/AMEX
SYM,GILD,SMART/AMEX
SYM,GEHC,SMART/AMEX
SYM,FTNT,SMART/AMEX
SYM,FAST,SMART/AMEX
SYM,EXC,SMART/AMEX
SYM,EA,SMART/AMEX
SYM,DASH,SMART/AMEX
SYM,DLTR,SMART/AMEX
SYM,FANG,SMART/AMEX
SYM,DXCM,SMART/AMEX
SYM,DDOG,SMART/AMEX
SYM,CSX,SMART/AMEX
SYM,CRWD,SMART/AMEX
SYM,COST,SMART/AMEX
SYM,CSGP,SMART/AMEX
SYM,CPRT,SMART/AMEX
SYM,CEG,SMART/AMEX
SYM,CMCSA,SMART/AMEX
SYM,CTSH,SMART/AMEX
SYM,CCEP,SMART/AMEX
SYM,CSCO,SMART/AMEX
SYM,CTAS,SMART/AMEX
SYM,CHTR,SMART/AMEX
SYM,CDW,SMART/AMEX
SYM,CDNS,SMART/AMEX
SYM,AVGO,SMART/AMEX
SYM,BKNG,SMART/AMEX
SYM,BIIB,SMART/AMEX
SYM,BKR,SMART/AMEX
SYM,ADP,SMART/AMEX
SYM,ADSK,SMART/AMEX
SYM,TEAM,SMART/AMEX
SYM,AZN,SMART/AMEX
SYM,ASML,SMART/AMEX
SYM,ARM,SMART/AMEX
SYM,AMAT,SMART/AMEX
SYM,AAPL,SMART/AMEX
SYM,ANSS,SMART/AMEX
SYM,ADI,SMART/AMEX
SYM,AMGN,SMART/AMEX
SYM,AEP,SMART/AMEX
SYM,AMZN,SMART/AMEX
SYM,GOOG,SMART/AMEX
SYM,GOOGL,SMART/AMEX
SYM,ABNB,SMART/AMEX
SYM,AMD,SMART/AMEX
SYM,ADBE,SMART/AMEX
